"printer","price","details"
"brother DCP-T226 Multi-function Color Inkjet Printer (B...","?11,699","White, Ink Tank, 4 Ink Bottles Included"
"HP Smart Tank All In One 580 Multi-function WiFi Color ...","?16,499","Grey White, Ink Bottle"
"brother DCP-T820DW Multi-function WiFi Color Inkjet Pri...","?18,799","Black, Ink Tank"
"brother DCP-T525W All-in-One Refill Multi-function WiFi...","?15,199","Black, Ink Tank, 4 Ink Bottles Included"
"brother DCP-T426W Multi-function WiFi Color Inkjet Prin...","?13,699","White, Ink Tank, 4 Ink Bottles Included"
"brother HL-L2321D IND Single Function Monochrome Laser ...","?10,549","Grey, Toner Cartridge"
"brother DCP-B7535DW Multi-function Monochrome Laser Pri...","?20,300","Grey, Toner Cartridge"
"Canon G2012 Multi-function Color Inkjet Printer (Color ...","?12,099","Black, Ink Tank, 2 Ink Bottles Included"
"brother DCP-B7500D Multi-function Monochrome Laser Prin...","?16,799","Grey, Toner Cartridge"
"brother DCP-T420W Multi-function WiFi Color Inkjet Prin...","?13,650","Black, Ink Tank, 4 Ink Bottles Included"
"Canon G3012 Multi-function WiFi Color Inkjet Printer (C...","?14,649","Black, Ink Tank, 2 Ink Bottles Included"
"HP Deskjet Ink advantage Ultra 4826 All-in-one Multi-fu...","?8,299","White Cement, Ink Cartridge"
"brother DCP-L2520D IND Multi-function Monochrome Laser ...","?16,199","Grey, Toner Cartridge"
"brother DCP-T220 Multi-function Color Inkjet Printer (B...","?12,599","Black, Ink Tank, 4 Ink Bottles Included"
"brother HL-L2351DW IND Single Function WiFi Monochrome ...","?12,599","Black, Grey, Toner Cartridge"
"brother DCP-L5600DN Multi-function Monochrome Laser Pri...","?37,499","Grey, Toner Cartridge"
"Canon PIXMA G2020 All-in-one Multi-function Color Inkje...","?11,499","Black, Ink Bottle, 4 Ink Bottles Included"
"HP Ink Tank 316 Multi-function Color Inkjet Printer (Co...","?10,799","Black, Red, Ink Tank"
"brother MFC-L2701DW Multi-function WiFi Monochrome Lase...","?23,399","Grey, Toner Cartridge"
"brother HL-B2080DW Single Function Monochrome Laser Pri...","?14,999","Grey, Toner Cartridge"
"Canon ImageCLASS MF3010 Multi-function Monochrome Laser...","?17,784","Black, Toner Cartridge"
"HP Smart Tank All In One 529 Multi-function Color Inkje...","?11,648","Moab White, Ink Bottle"
"brother MFC-L2701D Multi-function Monochrome Laser Prin...","?18,899","Grey, Toner Cartridge"
"brother DCP-L2541DW IND Multi-function WiFi Monochrome ...","?21,600","Black, Toner Cartridge"
"brother HL-B2000D Single Function Monochrome Laser Prin...","?12,000","Grey, Toner Cartridge"
"brother DCP-T520W Multi-function WiFi Color Inkjet Prin...","?15,699","Black, Ink Tank, 4 Ink Bottles Included"
"HP Ink Tank 115 Single Function Color Inkjet Printer (C...","?8,999","Black, Ink Tank"
"HP Smart Tank All In One 589 Multi-function WiFi Color ...","?14,599","Moab White, Ink Bottle"
"brother HL-L3270CDW Wireless Colour LED Printer Single ...","?34,299","White, Toner Cartridge"
"brother DCP-1616NW Multi-function WiFi Monochrome Laser...","?15,100","White, Black, Toner Cartridge"
"brother MFC-L5900DW Multi-function Monochrome Laser Pri...","?45,499","Grey, Toner Cartridge"
"brother DCP-T420W All-in One Ink Tank Refill System Pri...","?13,650","Black, Ink Tank"
"brother MFC-T920DW Multi-function WiFi Color Inkjet Pri...","?23,999","Black, Ink Bottle"
"brother T920DW All-in One Ink Tank Multi-function Monoc...","?29,999","Black, Ink Cartridge"
"brother DCP-B7500D Duplex Multi-function Monochrome Las...","?18,499","Grey, Toner Cartridge"
"brother DCP-L2531DW Multi-Function Monochrome Laser Pri...","?23,200","Black, Toner Cartridge"
"brother DCP-L2520D Multi-Function Monochrome Laser Prin...","?18,999","Grey, Toner Cartridge"
"brother HL-L2321D Single-Function Monochrome Laser Prin...","?13,499","Black, Toner Cartridge"
"brother DCP-T520W All-in One Ink Tank printer Multi-fun...","?16,999","Black, Ink Tank"
"brother DCP-T220 All-in One System Multi-function Color...","?12,300","Black, Ink Tank"
